{
  "cars": [
    {
      "id": "1",
      "make": "Mazda",
      "model": "MX-5",
      "year": 2021,
      "price": 33500,
      "mileage": 12450,
      "color": "Red",
      "fuelType": "Gasoline",
      "transmission": "Manual",
      "image": "https://upload.wikimedia.org/wikipedia/commons/thumb/2/25/2015_Mazda_MX-5_ND_2.0_SKYACTIV-G_160_i-ELOOP_Rubinrot-Metallic_Vorderansicht.jpg/400px-2015_Mazda_MX-5_ND_2.0_SKYACTIV-G_160_i-ELOOP_Rubinrot-Metallic_Vorderansicht.jpg",
      "start_production": 1989,
      "class": "Sports car Roadster"
    },
    {
      "id": "2",
      "make": "Volkswagen",
      "model": "Kübelwagen",
      "year": 1943,
      "price": 68900,
      "mileage": 56000,
      "color": "Military Green",
      "fuelType": "Gasoline",
      "transmission": "Manual",
      "image": "https://upload.wikimedia.org/wikipedia/commons/thumb/f/f3/VW_Kuebelwagen_1.jpg/400px-VW_Kuebelwagen_1.jpg",
      "class": "Military vehicle"
    },
    {
      "id": "3",
      "make": "Porsche",
      "model": "Cayenne",
      "year": 2022,
      "price": 86700,
      "mileage": 8900,
      "color": "Black",
      "fuelType": "Hybrid",
      "transmission": "Automatic",
      "image": "https://upload.wikimedia.org/wikipedia/commons/thumb/e/e4/2014_Porsche_Cayenne_%2892A_MY14%29_GTS_wagon_%282015-08-07%29_01.jpg/400px-2014_Porsche_Cayenne_%2892A_MY14%29_GTS_wagon_%282015-08-07%29_01.jpg",
      "start_production": 2002,
      "class": "Mid-size luxury crossover SUV"
    },
    {
      "id": "4",
      "make": "Vauxhall",
      "model": "Chevette",
      "year": 1976,
      "price": 12300,
      "mileage": 105600,
      "color": "Blue",
      "fuelType": "Gasoline",
      "transmission": "Manual",
      "image": "https://upload.wikimedia.org/wikipedia/commons/thumb/f/f0/Vintage_car_at_the_Wirral_Bus_%26_Tram_Show_-_DSC03336.JPG/400px-Vintage_car_at_the_Wirral_Bus_%26_Tram_Show_-_DSC03336.JPG",
      "start_production": 1975,
      "class": "Supermini"
    },
    {
      "id": "5",
      "make": "Dymaxion",
      "model": "Car",
      "year": 1933,
      "price": 194000,
      "mileage": 45300,
      "color": "Silver",
      "fuelType": "Gasoline",
      "transmission": "Manual",
      "image": "https://upload.wikimedia.org/wikipedia/commons/thumb/f/f0/Dynamixion_car_by_Buckminster_Fuller_1933_%28side_views%29.jpg/400px-Dynamixion_car_by_Buckminster_Fuller_1933_%28side_views%29.jpg",
      "start_production": 1933,
      "class": "Concept car"
    },
    {
      "id": "6",
      "make": "Ford",
      "model": "Crown Victoria",
      "year": 2010,
      "price": 23400,
      "mileage": 76500,
      "color": "White",
      "fuelType": "Gasoline",
      "transmission": "Automatic",
      "image": "https://upload.wikimedia.org/wikipedia/commons/thumb/f/f0/Ford_Crown_Victoria_LX.jpg/400px-Ford_Crown_Victoria_LX.jpg",
      "start_production": 1955,
      "class": "Full-size Ford"
    },
    {
      "id": "7",
      "make": "Plymouth",
      "model": "Superbird",
      "year": 1970,
      "price": 175000,
      "mileage": 85400,
      "color": "Orange",
      "fuelType": "Gasoline",
      "transmission": "Manual",
      "image": "https://upload.wikimedia.org/wikipedia/commons/thumb/2/27/Plymouth_Superbird.jpg/400px-Plymouth_Superbird.jpg",
      "start_production": 1970,
      "class": "Muscle car"
    },
    {
      "id": "8",
      "make": "Saab",
      "model": "9000",
      "year": 1992,
      "price": 14300,
      "mileage": 142000,
      "color": "Green",
      "fuelType": "Gasoline",
      "transmission": "Manual",
      "image": "https://upload.wikimedia.org/wikipedia/commons/thumb/2/2a/2nd-Saab-9000-hatch.jpg/400px-2nd-Saab-9000-hatch.jpg",
      "start_production": 1984,
      "class": "Executive car"
    },
    {
      "id": "9",
      "make": "Pontiac",
      "model": "Sunfire",
      "year": 2003,
      "price": 7800,
      "mileage": 156000,
      "color": "Red",
      "fuelType": "Gasoline",
      "transmission": "Automatic",
      "image": "https://upload.wikimedia.org/wikipedia/commons/thumb/5/5e/2003-2005_Pontiac_Sunfire.jpg/400px-2003-2005_Pontiac_Sunfire.jpg",
      "start_production": 1994,
      "class": "Compact"
    },
    {
      "id": "10",
      "make": "AMC",
      "model": "Javelin",
      "year": 1971,
      "price": 68900,
      "mileage": 96400,
      "color": "Red",
      "fuelType": "Gasoline",
      "transmission": "Manual",
      "image": "https://upload.wikimedia.org/wikipedia/commons/thumb/5/55/1971_AMC_Javelin_SST_red_Kenosha_street.JPG/400px-1971_AMC_Javelin_SST_red_Kenosha_street.JPG",
      "start_production": 1967,
      "class": "Muscle car"
    },
    {
      "id": "11",
      "make": "Jaguar",
      "model": "X-Type",
      "year": 2006,
      "price": 18500,
      "mileage": 112000,
      "color": "Blue",
      "fuelType": "Diesel",
      "transmission": "Automatic",
      "image": "https://upload.wikimedia.org/wikipedia/commons/thumb/c/cb/Jaguar_X-Type_Estate_front_20080731.jpg/400px-Jaguar_X-Type_Estate_front_20080731.jpg",
      "start_production": 2001,
      "class": "Compact executive car"
    },
    {
      "id": "12",
      "make": "Volkswagen",
      "model": "Phaeton",
      "year": 2010,
      "price": 42900,
      "mileage": 87600,
      "color": "Black",
      "fuelType": "Diesel",
      "transmission": "Automatic",
      "image": "https://upload.wikimedia.org/wikipedia/commons/thumb/f/f3/VW_Phaton_%282._Facelift%29_%E2%80%93_Frontansicht%2C_7._Mai_2011%2C_D%C3%BCsseldorf.jpg/400px-VW_Phaton_%282._Facelift%29_%E2%80%93_Frontansicht%2C_7._Mai_2011%2C_D%C3%BCsseldorf.jpg",
      "start_production": 2002,
      "class": "Full-size luxury car"
    },
    {
      "id": "13",
      "make": "Aston Martin",
      "model": "DB9",
      "year": 2012,
      "price": 128000,
      "mileage": 45600,
      "color": "Silver",
      "fuelType": "Gasoline",
      "transmission": "Automatic",
      "image": "https://upload.wikimedia.org/wikipedia/commons/thumb/0/0c/Aston_Martin_DB9_coupe_02.jpg/400px-Aston_Martin_DB9_coupe_02.jpg",
      "start_production": 2004,
      "class": "Grand tourer"
    },
    {
      "id": "14",
      "make": "TVR",
      "model": "Tuscan Speed Six",
      "year": 2002,
      "price": 82000,
      "mileage": 36800,
      "color": "Yellow",
      "fuelType": "Gasoline",
      "transmission": "Manual",
      "image": "https://upload.wikimedia.org/wikipedia/commons/thumb/f/fd/2000_TVR_Tuscan_4.0_Speed_Six_by_The_Car_Spy.jpg/400px-2000_TVR_Tuscan_4.0_Speed_Six_by_The_Car_Spy.jpg",
      "start_production": 1999,
      "class": "Sports car"
    },
    {
      "id": "15",
      "make": "Volvo",
      "model": "V50",
      "year": 2009,
      "price": 17600,
      "mileage": 98700,
      "color": "Blue",
      "fuelType": "Diesel",
      "transmission": "Manual",
      "image": "https://upload.wikimedia.org/wikipedia/commons/thumb/8/85/Volvo_V50_1.6_D.jpg/400px-Volvo_V50_1.6_D.jpg",
      "start_production": 2004,
      "class": "Compact / Small family car"
    },
    {
      "id": "16",
      "make": "Audi",
      "model": "TT",
      "year": 2019,
      "price": 57800,
      "mileage": 24500,
      "color": "Silver",
      "fuelType": "Gasoline",
      "transmission": "Automatic",
      "image": "https://upload.wikimedia.org/wikipedia/commons/thumb/f/f5/Audi_TT_Coup%C3%A9_2.0_TFSI_quattro_S-line_%288S%29_%E2%80%93_Frontansicht%2C_3._April_2015%2C_D%C3%BCsseldorf.jpg/400px-Audi_TT_Coup%C3%A9_2.0_TFSI_quattro_S-line_%288S%29_%E2%80%93_Frontansicht%2C_3._April_2015%2C_D%C3%BCsseldorf.jpg",
      "class": "Sport compact Sports car"
    },
    {
      "id": "17",
      "make": "Volkswagen",
      "model": "Touareg",
      "year": 2020,
      "price": 64500,
      "mileage": 32400,
      "color": "Black",
      "fuelType": "Diesel",
      "transmission": "Automatic",
      "image": "https://upload.wikimedia.org/wikipedia/commons/thumb/1/1d/VW_Touareg_Exclusive_V6_TDI_BlueMotion_Technology_%28II%29_%E2%80%93_Frontansicht%2C_3._Juli_2013%2C_M%C3%BCnster.jpg/400px-VW_Touareg_Exclusive_V6_TDI_BlueMotion_Technology_%28II%29_%E2%80%93_Frontansicht%2C_3._Juli_2013%2C_M%C3%BCnster.jpg",
      "start_production": 2002,
      "class": "Mid-size luxury crossover SUV"
    },
    {
      "id": "18",
      "make": "Mitsubishi",
      "model": "GTO",
      "year": 1995,
      "price": 34500,
      "mileage": 87600,
      "color": "Red",
      "fuelType": "Gasoline",
      "transmission": "Manual",
      "image": "https://upload.wikimedia.org/wikipedia/commons/thumb/5/50/Red92VR4rear.jpg/400px-Red92VR4rear.jpg",
      "start_production": 1990,
      "class": "Sports car, grand tourer"
    },
    {
      "id": "19",
      "make": "Mercedes-Benz",
      "model": "300 SL",
      "year": 1956,
      "price": 1250000,
      "mileage": 45300,
      "color": "Silver",
      "fuelType": "Gasoline",
      "transmission": "Manual",
      "image": "https://upload.wikimedia.org/wikipedia/commons/thumb/5/54/Mercedes_300SL_Coupe_vr_silver_EMS.jpg/400px-Mercedes_300SL_Coupe_vr_silver_EMS.jpg",
      "start_production": 1952,
      "class": "Sports car, GT"
    },
    {
      "id": "20",
      "make": "Audi",
      "model": "A2",
      "year": 2003,
      "price": 8900,
      "mileage": 124500,
      "color": "Silver",
      "fuelType": "Diesel",
      "transmission": "Manual",
      "image": "https://upload.wikimedia.org/wikipedia/commons/thumb/c/cf/Audi_A2_front_20071002.jpg/400px-Audi_A2_front_20071002.jpg",
      "start_production": 1999,
      "class": "Supermini"
    }
  ],
  "user": {
    "id": 1,
    "name": "J",
    "email": "john.doe@example.com",
    "phoneNumber": "555-123-4567",
    "address": "123 Main Street, Anytown, USA"
  },
  "wishlist": []
}